,date,total,total_p,house,house_p,senate,senate_p,dems,dems_p,gop,gop_p,total_r,dems_r,gop_r,house_r,senate_r
0,2012-01-01,3094,491,2243,372,851,119,1378,162,1658,324,0.15869424692954104,0.11756168359941944,0.195416164053076,0.16584930896121267,0.1398354876615746
1,2012-01-08,4246,484,3053,381,1193,103,1834,139,2330,336,0.11398963730569948,0.0757906215921483,0.14420600858369098,0.12479528332787422,0.08633696563285834
2,2012-01-15,5164,962,3850,790,1314,172,2288,239,2787,709,0.18628969790859798,0.10445804195804195,0.25439540724793686,0.2051948051948052,0.1308980213089802
3,2012-01-22,6852,1092,5152,874,1700,218,2980,282,3752,798,0.159369527145359,0.09463087248322148,0.2126865671641791,0.16964285714285715,0.12823529411764706
4,2012-01-29,5779,978,4247,765,1532,213,2555,293,3104,660,0.16923343138951374,0.11467710371819961,0.21262886597938144,0.18012714857546502,0.13903394255874674
5,2012-02-05,5541,948,4087,711,1454,237,2428,325,3026,609,0.17108825121819166,0.13385502471169686,0.20125578321216128,0.17396623440176168,0.16299862448418156
6,2012-02-12,5923,1286,4349,950,1574,336,2554,365,3267,909,0.2171197028532838,0.14291307752545027,0.27823691460055094,0.21844102092435042,0.21346886912325286
7,2012-02-19,4471,539,3287,459,1184,80,2065,194,2303,335,0.12055468575262805,0.09394673123486683,0.14546244029526703,0.13964101003954973,0.06756756756756757
8,2012-02-26,5819,937,4250,693,1569,244,2628,396,3093,530,0.1610242309675202,0.1506849315068493,0.1713546718396379,0.16305882352941176,0.15551306564690887
9,2012-03-04,6229,717,4569,535,1660,182,2843,254,3246,448,0.11510675870926312,0.08934224410833626,0.13801601971657423,0.11709345589844605,0.10963855421686747
10,2012-03-11,5274,678,3807,511,1467,167,2457,213,2709,456,0.1285551763367463,0.08669108669108669,0.16832779623477298,0.13422642500656684,0.1138377641445126
11,2012-03-18,6552,1195,4799,885,1753,310,3144,369,3307,816,0.18238705738705738,0.11736641221374046,0.2467493196250378,0.18441341946238798,0.17683970336565888
12,2012-03-25,6202,1078,4500,843,1702,235,2847,432,3254,638,0.17381489841986456,0.1517386722866175,0.19606637984019668,0.18733333333333332,0.13807285546415982
13,2012-04-01,4467,536,3239,410,1228,126,1988,173,2416,362,0.11999104544436982,0.08702213279678069,0.1498344370860927,0.12658227848101267,0.10260586319218241
14,2012-04-08,4924,659,3630,523,1294,136,2186,165,2633,477,0.13383428107229894,0.07548032936870998,0.18116217242688948,0.1440771349862259,0.10510046367851623
15,2012-04-15,6655,895,4983,657,1672,238,3000,317,3541,557,0.13448534936138243,0.10566666666666667,0.15730019768426998,0.13184828416616495,0.1423444976076555
16,2012-04-22,7998,982,6061,760,1937,222,3463,336,4428,639,0.12278069517379345,0.09702570025989027,0.1443089430894309,0.12539184952978055,0.11461022199277233
17,2012-04-29,5400,578,3944,450,1456,128,2503,174,2808,394,0.10703703703703704,0.06951658010387535,0.14031339031339032,0.1140973630831643,0.08791208791208792
18,2012-05-06,6522,941,4621,686,1901,255,3134,400,3287,530,0.14428089543084943,0.1276324186343331,0.16124125342257378,0.14845271586236744,0.13413992635455024
19,2012-05-13,6479,905,4430,652,2049,253,2983,360,3394,532,0.13968204969902762,0.12068387529332886,0.1567472009428403,0.1471783295711061,0.12347486578818936
20,2012-05-20,5920,709,3899,452,2021,257,2772,243,3040,451,0.11976351351351351,0.08766233766233766,0.14835526315789474,0.11592716081046422,0.1271647699158832
21,2012-05-27,5699,720,4050,569,1649,151,2743,236,2880,479,0.12633795402702228,0.08603718556325192,0.16631944444444444,0.14049382716049383,0.09157064887810794
22,2012-06-03,6822,1107,4828,826,1994,281,2986,345,3744,755,0.16226912928759896,0.11553918285331548,0.2016559829059829,0.17108533554266778,0.14092276830491474
23,2012-06-10,5798,750,3855,486,1943,264,2796,276,2865,457,0.12935494998275268,0.09871244635193133,0.15951134380453752,0.12607003891050583,0.13587236232629954
24,2012-06-17,6467,1060,4566,798,1901,262,2921,319,3421,729,0.16390907685170866,0.10920917494008901,0.2130955860859398,0.1747700394218134,0.13782219884271435
25,2012-06-24,7716,1638,5587,1238,2129,400,3423,503,4168,1118,0.21228615863141523,0.1469471224072451,0.2682341650671785,0.22158582423483086,0.18788163457022075
26,2012-07-01,4850,531,3306,424,1544,107,2442,156,2325,373,0.10948453608247423,0.06388206388206388,0.16043010752688172,0.12825166364186327,0.06930051813471502
27,2012-07-08,6422,1234,4706,969,1716,265,2936,527,3406,699,0.1921519775770788,0.1794959128065395,0.20522607163828538,0.2059073523161921,0.15442890442890442
28,2012-07-15,6861,1173,4678,822,2183,351,3483,427,3264,726,0.1709663314385658,0.122595463680735,0.22242647058823528,0.17571611799914494,0.16078790655061842
29,2012-07-22,7639,1030,5031,726,2608,304,3556,398,3889,604,0.13483440240869224,0.11192350956130484,0.15530984829004885,0.14430530709600478,0.1165644171779141
30,2012-07-29,7281,1173,5040,888,2241,285,3648,534,3525,614,0.1611042439225381,0.14638157894736842,0.17418439716312056,0.1761904761904762,0.12717536813922356
31,2012-08-05,5499,621,3820,457,1679,164,3015,276,2380,332,0.11292962356792144,0.09154228855721393,0.13949579831932774,0.11963350785340314,0.09767718880285885
32,2012-08-12,4991,794,3507,623,1484,171,2592,358,2313,418,0.15908635543979163,0.1381172839506173,0.18071768266320795,0.17764471057884232,0.11522911051212938
33,2012-08-19,4795,720,3360,550,1435,170,2318,295,2403,412,0.15015641293013557,0.1272648835202761,0.17145235122763214,0.1636904761904762,0.11846689895470383
34,2012-08-26,5210,709,3741,538,1469,171,2442,353,2715,352,0.13608445297504798,0.14455364455364456,0.12965009208103132,0.1438118150227212,0.11640571817562968
35,2012-09-02,5610,883,3902,680,1708,203,3094,262,2424,604,0.157397504456328,0.08468002585649645,0.24917491749174916,0.17426960533059968,0.11885245901639344
36,2012-09-09,6627,855,4643,610,1984,245,3331,323,3180,519,0.12901765504753282,0.09696787751425998,0.1632075471698113,0.13138057290544905,0.12348790322580645
37,2012-09-16,6439,1085,4524,764,1915,321,3234,480,3119,590,0.16850442615312936,0.14842300556586271,0.18916319333119588,0.16887709991158267,0.16762402088772846
38,2012-09-23,5639,716,3876,499,1763,217,3007,285,2548,426,0.12697286752970385,0.09477884935151314,0.16718995290423863,0.12874097007223942,0.12308564946114578
39,2012-09-30,6467,1167,4450,849,2017,318,3300,430,3087,730,0.18045461574145663,0.1303030303030303,0.23647554259799158,0.19078651685393258,0.1576598909271195
40,2012-10-07,6109,948,4123,622,1986,326,3478,519,2551,412,0.1551808806678671,0.14922369177688327,0.16150529204233635,0.15086102352655834,0.16414904330312186
41,2012-10-14,6932,1417,4464,973,2468,444,4018,787,2809,609,0.2044143104443162,0.1958685913389746,0.21680313278746885,0.21796594982078854,0.17990275526742303
42,2012-10-21,7244,1046,4622,663,2622,383,4132,541,3003,493,0.1443953616786306,0.13092933204259438,0.16416916416916416,0.14344439636520986,0.14607170099160946
43,2012-10-28,8674,687,5505,510,3169,177,5340,294,3246,392,0.079202213511644,0.0550561797752809,0.12076401725200246,0.09264305177111716,0.05585358157147365
44,2012-11-04,7421,445,4940,315,2481,130,4487,223,2819,205,0.05996496429052688,0.04969913082237575,0.07272082298687478,0.06376518218623482,0.05239822652156389
45,2012-11-11,4386,444,2947,314,1439,130,2152,154,2156,273,0.1012311901504788,0.07156133828996282,0.1266233766233766,0.10654903291482865,0.09034051424600417
46,2012-11-18,2719,314,1806,221,913,93,1357,90,1311,218,0.1154836336888562,0.06632277081798084,0.16628527841342486,0.12236987818383167,0.10186199342825848
47,2012-11-25,4253,611,2752,410,1501,201,2001,221,2141,372,0.14366329649659065,0.11044477761119441,0.17375058383932743,0.14898255813953487,0.13391072618254496
48,2012-12-02,4586,691,2857,444,1729,247,2282,250,2213,425,0.15067597034452682,0.10955302366345311,0.1920469950293719,0.15540777038851944,0.14285714285714285
49,2012-12-09,4312,678,2966,500,1346,178,2214,302,2026,369,0.1572356215213358,0.13640469738030714,0.18213228035538007,0.16857720836142953,0.13224368499257058
50,2012-12-16,3999,630,2670,469,1329,161,2097,324,1826,283,0.15753938484621155,0.15450643776824036,0.15498357064622126,0.1756554307116105,0.12114371708051166
51,2012-12-23,1834,303,1235,226,599,77,883,123,917,173,0.16521264994547438,0.1392978482446206,0.18865866957470012,0.18299595141700406,0.1285475792988314
52,2012-12-30,4543,874,3383,668,1160,206,2056,323,2421,541,0.19238388729914155,0.1571011673151751,0.2234613795952086,0.19745787762341116,0.17758620689655172
53,2013-01-06,4076,481,2930,334,1146,147,1968,147,2026,314,0.11800785083415113,0.07469512195121951,0.1549851924975321,0.11399317406143344,0.12827225130890052
54,2013-01-13,4592,660,3419,509,1173,151,2374,185,2142,465,0.1437282229965157,0.07792754844144903,0.21708683473389356,0.14887393974846447,0.1287297527706735
55,2013-01-20,5821,993,4153,774,1668,219,2729,185,2997,798,0.17058924583404914,0.06779039941370466,0.26626626626626626,0.18637129785697087,0.13129496402877697
56,2013-01-27,5743,707,4064,497,1679,210,2920,213,2730,486,0.12310639038829879,0.07294520547945206,0.17802197802197803,0.12229330708661418,0.12507444907683143
57,2013-02-03,5987,846,4201,617,1786,229,2949,257,2963,574,0.14130616335393353,0.08714818582570363,0.19372257846776916,0.14686979290645086,0.1282194848824188
58,2013-02-10,8450,1286,6266,1022,2184,264,3980,388,4350,886,0.15218934911242604,0.09748743718592964,0.20367816091954022,0.16310245770826684,0.12087912087912088
59,2013-02-17,5371,772,4027,652,1344,120,2522,214,2765,546,0.14373487246322844,0.08485329103885805,0.19746835443037974,0.1619071268934691,0.08928571428571429
60,2013-02-24,7815,1486,5869,1158,1946,328,3893,499,3818,968,0.19014715291106846,0.12817878243000258,0.2535358826610791,0.19730788890782075,0.1685508735868448
61,2013-03-03,7178,1116,5144,852,2034,264,3358,335,3716,761,0.15547506269155753,0.09976176295413937,0.20479009687836383,0.1656298600311042,0.12979351032448377
62,2013-03-10,7382,1086,5262,787,2120,299,3348,441,3932,636,0.14711460308859386,0.13172043010752688,0.1617497456765005,0.14956290383884455,0.1410377358490566
63,2013-03-17,7727,1182,5437,825,2290,357,3571,394,4029,763,0.1529701048272292,0.11033323998879865,0.1893770166294366,0.15173809085892956,0.15589519650655023
64,2013-03-24,5674,685,4088,521,1586,164,2713,206,2880,471,0.12072611913993656,0.07593070401769259,0.16354166666666667,0.12744618395303328,0.1034047919293821
65,2013-03-31,5813,624,4190,479,1623,145,2612,128,3081,468,0.10734560467916739,0.04900459418070444,0.1518987341772152,0.11431980906921241,0.0893407270486753
66,2013-04-07,7987,1210,5912,971,2075,239,3621,281,4251,905,0.15149618129460374,0.07760287213476941,0.21289108445071747,0.1642422192151556,0.11518072289156626
67,2013-04-14,7733,771,5698,577,2035,194,3427,283,4211,474,0.09970257338678391,0.08257951561132186,0.11256233673711707,0.10126360126360126,0.09533169533169533
68,2013-04-21,7521,1000,5406,740,2115,260,3479,247,3909,729,0.13296104241457252,0.07099741304972693,0.18649270913277052,0.1368849426563078,0.12293144208037825
69,2013-04-28,6653,702,5306,575,1347,127,2877,126,3702,565,0.10551630843228618,0.043795620437956206,0.15262020529443543,0.1083678854127403,0.09428359317000742
70,2013-05-05,8678,1287,6627,995,2051,292,3431,335,5164,940,0.14830606130444804,0.09763917225298746,0.1820294345468629,0.15014335295005282,0.14236957581667478
71,2013-05-12,9779,2235,7524,1797,2255,438,3657,472,6054,1758,0.22855097658247264,0.1290675417008477,0.29038652130822595,0.23883572567783093,0.1942350332594235
72,2013-05-19,8297,1098,5966,778,2331,320,3593,273,4614,808,0.1323369892732313,0.07598107431116059,0.1751192024273949,0.13040563191418036,0.13728013728013727
73,2013-05-26,6231,628,4573,473,1658,155,2546,104,3616,518,0.10078639062750762,0.0408483896307934,0.14325221238938052,0.103433194839274,0.09348612786489746
74,2013-06-02,7981,1159,6072,915,1909,244,3173,306,4720,845,0.14521989725598297,0.09643870154427986,0.17902542372881355,0.15069169960474307,0.12781561026715557
75,2013-06-09,9003,1115,6567,817,2436,298,4387,363,4534,745,0.12384760635343774,0.08274447230453613,0.1643140714600794,0.12440992843002893,0.12233169129720854
76,2013-06-16,8201,1285,5941,888,2260,397,3437,437,4659,837,0.15668820875502987,0.12714576665696828,0.17965228589826143,0.1494697862312742,0.1756637168141593
77,2013-06-23,9451,2058,6941,1520,2510,538,4539,693,4820,1351,0.21775473494868267,0.15267680105750164,0.2802904564315353,0.21898861835470393,0.21434262948207172
78,2013-06-30,5607,804,4336,640,1271,164,2448,169,3103,629,0.14339218833600856,0.0690359477124183,0.20270705768611022,0.14760147601476015,0.12903225806451613
79,2013-07-07,8103,1729,6191,1350,1912,379,3869,617,4165,1100,0.2133777613229668,0.1594727319720858,0.26410564225690275,0.21805847197544823,0.19822175732217573
80,2013-07-14,8397,1650,6550,1290,1847,360,4114,482,4199,1157,0.19649874955341193,0.11716091395235781,0.2755417956656347,0.1969465648854962,0.19491066594477532
81,2013-07-21,7315,1431,5562,1103,1753,328,3098,316,4145,1109,0.19562542720437456,0.10200129115558425,0.2675512665862485,0.19830996044588278,0.18710781517398745
82,2013-07-28,7767,1595,6003,1279,1764,316,3325,395,4326,1185,0.20535599330500837,0.11879699248120301,0.2739251040221914,0.21306013659836748,0.17913832199546487
83,2013-08-04,5828,748,4551,597,1277,151,2434,154,3304,585,0.12834591626630062,0.06327033689400165,0.17705811138014527,0.13117996044825314,0.1182458888018794
84,2013-08-11,5951,943,4463,738,1488,205,2290,156,3579,772,0.1584607628969921,0.06812227074235808,0.21570271025426097,0.16535962357158862,0.13776881720430106
85,2013-08-18,5783,724,4320,516,1463,208,2307,146,3374,566,0.12519453570810998,0.06328565236237538,0.16775340841730882,0.11944444444444445,0.1421736158578264
86,2013-08-25,6543,696,5043,526,1500,170,2797,156,3656,529,0.10637322329206786,0.055774043618162315,0.14469365426695843,0.10430299424945469,0.11333333333333333
87,2013-09-01,5535,556,4357,438,1178,118,2187,116,3236,432,0.1004516711833785,0.053040695016003656,0.1334981458590853,0.10052788616020197,0.100169779286927
88,2013-09-08,7748,1033,5900,760,1848,273,3145,214,4453,808,0.13332472896231284,0.06804451510333863,0.18145070738827757,0.1288135593220339,0.14772727272727273
89,2013-09-15,9616,1844,7503,1422,2113,422,3701,642,5786,1182,0.19176372712146422,0.17346663064036746,0.20428620808848946,0.18952419032387044,0.19971604353999053
90,2013-09-22,8424,2326,6105,1631,2319,695,3524,700,4748,1591,0.27611585944919276,0.19863791146424517,0.3350884582982308,0.26715806715806717,0.2996981457524795
91,2013-09-29,11236,4804,9337,4056,1899,748,4953,2278,6138,2438,0.4275542897828409,0.4599232788209166,0.3971977842945585,0.4344007711256292,0.39389152185360715
92,2013-10-06,7273,2435,5838,1941,1435,494,3127,1071,4014,1297,0.33479994500206245,0.34250079948832746,0.3231190832087693,0.3324768756423433,0.34425087108013935
93,2013-10-13,6375,1700,4963,1334,1412,366,2988,716,3276,932,0.26666666666666666,0.23962516733601072,0.2844932844932845,0.2687890388877695,0.25920679886685555
94,2013-10-20,7112,1404,5494,1105,1618,299,2733,239,4263,1149,0.19741282339707536,0.08744968898646176,0.26952850105559467,0.20112850382235165,0.18479604449938195
95,2013-10-27,8121,1573,5829,1168,2292,405,3274,297,4716,1257,0.19369535771456717,0.09071472205253513,0.26653944020356235,0.20037742322868415,0.17670157068062828
96,2013-11-03,7748,1107,5444,761,2304,346,3698,238,3917,860,0.1428755807950439,0.06435911303407248,0.21955578248659688,0.13978692138133725,0.1501736111111111
97,2013-11-10,7755,1273,5584,943,2171,330,2976,232,4642,1028,0.16415215989684076,0.07795698924731183,0.2214562688496338,0.16887535816618912,0.15200368493781669
98,2013-11-17,7823,1133,5617,777,2206,356,3539,279,4149,830,0.1448293493544676,0.0788358293303193,0.20004820438659918,0.13833006943208118,0.1613780598368087
99,2013-11-24,4596,526,3240,381,1356,145,2252,120,2273,399,0.1144473455178416,0.05328596802841918,0.17553893532776066,0.1175925925925926,0.10693215339233038
100,2013-12-01,6946,938,5312,749,1634,189,3111,221,3723,705,0.13504175064785487,0.07103825136612021,0.18936341659951653,0.1410015060240964,0.11566707466340269
101,2013-12-08,7265,1105,5362,811,1903,294,3512,300,3641,793,0.1520991052993806,0.08542141230068337,0.21779730843174952,0.15124953375606118,0.15449290593799264
102,2013-12-15,5628,962,3774,588,1854,374,2458,200,3058,738,0.17093105899076047,0.08136696501220504,0.24133420536298233,0.15580286168521462,0.2017259978425027
103,2013-12-22,2506,383,1799,300,707,83,1133,91,1334,289,0.15283320031923384,0.08031774051191527,0.2166416791604198,0.16675931072818231,0.1173974540311174
104,2013-12-29,3232,501,2309,401,923,100,1479,100,1704,395,0.15501237623762376,0.0676132521974307,0.2318075117370892,0.1736682546556951,0.10834236186348863
105,2014-01-05,7229,1061,5081,791,2148,270,3383,323,3730,727,0.14676995435053258,0.09547738693467336,0.19490616621983914,0.1556780161385554,0.12569832402234637
106,2014-01-12,7814,1356,5497,973,2317,383,3344,409,4353,939,0.1735346813411825,0.1223086124401914,0.21571330117160578,0.17700563943969438,0.16529995684074233
107,2014-01-19,6713,747,4715,524,1998,223,3210,255,3392,479,0.1112766274392969,0.0794392523364486,0.14121462264150944,0.11113467656415695,0.11161161161161161
108,2014-01-26,11101,1908,8259,1444,2842,464,4694,386,6267,1506,0.17187640753085306,0.08223263740945888,0.24030636668262326,0.1748395689550793,0.16326530612244897
109,2014-02-02,8918,1452,6154,995,2764,457,3995,356,4812,1087,0.16281677506167302,0.08911138923654568,0.22589359933499584,0.16168345791355215,0.16534008683068016
110,2014-02-09,7660,1281,5407,928,2253,353,3496,281,4026,994,0.16723237597911228,0.08037757437070939,0.24689518132141083,0.17162936933604586,0.15667998224589436
111,2014-02-16,6448,883,4364,623,2084,260,2831,212,3483,655,0.13694168734491316,0.07488519957612151,0.18805627332759114,0.1427589367552704,0.12476007677543186
112,2014-02-23,8834,1409,6253,1011,2581,398,3833,343,4798,1049,0.15949739642291147,0.08948604226454475,0.21863276365152146,0.16168239245162322,0.15420379697791553
113,2014-03-02,8035,1358,5633,935,2402,423,3462,379,4425,965,0.1690105787181083,0.10947429231658001,0.21807909604519773,0.16598615302680633,0.17610324729392174
114,2014-03-09,9145,1299,6282,930,2863,369,4126,381,4863,908,0.14204483324220885,0.09234125060591372,0.18671601891836315,0.14804202483285578,0.12888578414250787
115,2014-03-16,7338,733,5193,512,2145,221,3371,170,3856,554,0.09989097846824747,0.05043013942450311,0.14367219917012447,0.09859426150587329,0.10303030303030303
116,2014-03-23,9428,1386,6637,1032,2791,354,4314,351,4947,1020,0.14700890963088672,0.08136300417246176,0.20618556701030927,0.1554919391291246,0.1268362594052311
117,2014-03-30,9441,1491,6678,1102,2763,389,4322,598,4954,867,0.1579281855735621,0.13836186950485888,0.1750100928542592,0.16501946690625935,0.1407889974665219
118,2014-04-06,9431,1516,6649,1140,2782,376,4717,689,4565,806,0.1607464743929594,0.14606741573033707,0.1765607886089814,0.17145435403820122,0.13515456506110712
119,2014-04-13,6777,767,4823,524,1954,243,2935,197,3738,552,0.11317692194186219,0.06712095400340716,0.1476725521669342,0.10864607091022185,0.12436028659160696
120,2014-04-20,7465,739,5331,503,2134,236,3480,215,3897,514,0.09899531145344943,0.0617816091954023,0.13189633051064922,0.09435377977865315,0.1105904404873477
121,2014-04-27,9480,1134,6895,773,2585,361,4337,392,4983,726,0.11962025316455696,0.09038505879640304,0.1456953642384106,0.11211022480058012,0.13965183752417795
122,2014-05-04,10343,1153,7382,814,2961,339,4887,426,5286,711,0.11147636082374553,0.08717004297114794,0.1345062429057889,0.11026821999458142,0.11448834853090173
123,2014-05-11,8903,839,6267,532,2636,307,4281,316,4500,514,0.09423789733797597,0.07381452931558047,0.11422222222222222,0.0848891016435296,0.11646433990895295
124,2014-05-18,9300,1122,6966,845,2334,277,4037,414,5107,693,0.12064516129032259,0.10255139955412435,0.13569610338750734,0.12130347401665231,0.11868037703513282
125,2014-05-25,7822,894,5818,691,2004,203,3499,250,4206,634,0.11429301968805931,0.07144898542440697,0.15073704232049454,0.11876933654176693,0.10129740518962076
126,2014-06-01,8487,946,5871,604,2616,342,3913,195,4465,744,0.11146459290679864,0.04983388704318937,0.16662933930571108,0.1028785556123318,0.13073394495412843
127,2014-06-08,8664,961,6240,687,2424,274,4265,362,4314,598,0.11091874422899353,0.08487690504103165,0.13861845155308297,0.11009615384615384,0.11303630363036303
128,2014-06-15,8705,1116,6202,766,2503,350,4079,361,4488,747,0.12820218265364733,0.08850208384407943,0.16644385026737968,0.1235085456304418,0.13983220135836996
129,2014-06-22,9840,1483,7349,1106,2491,377,4734,447,5009,1030,0.15071138211382115,0.0944233206590621,0.20562986624076662,0.1504966662130902,0.15134484142914492
130,2014-06-29,7490,933,5538,695,1952,238,3813,386,3586,541,0.12456608811748998,0.1012326252294781,0.1508644729503625,0.125496569158541,0.12192622950819672
131,2014-07-06,9372,1436,7142,1083,2230,353,4240,463,5023,962,0.15322236448997012,0.10919811320754717,0.19151901254230538,0.15163819658359004,0.15829596412556055
132,2014-07-13,10219,1438,7880,1097,2339,341,4941,571,5179,863,0.14071826988942165,0.11556365108277676,0.16663448542189613,0.13921319796954315,0.14578879863189398
133,2014-07-20,9616,1277,7124,963,2492,314,4407,378,5074,892,0.13279950083194675,0.08577263444520082,0.1757981868348443,0.13517686692869174,0.1260032102728732
134,2014-07-27,9248,1645,6741,1264,2507,381,4417,767,4682,865,0.17787629757785467,0.17364727190400725,0.18475010679196924,0.18750927162142114,0.1519744714798564
135,2014-08-03,7371,808,5548,616,1823,192,3654,265,3609,535,0.10961877628544295,0.07252326217843459,0.14824050983651982,0.1110310021629416,0.10532089961601755
136,2014-08-10,6543,669,4912,482,1631,187,3256,207,3202,456,0.10224667583677212,0.06357493857493858,0.1424109931292942,0.0981270358306189,0.11465358675659104
137,2014-08-17,6728,726,5001,574,1727,152,3410,258,3213,465,0.10790725326991676,0.07565982404692081,0.14472455648926238,0.11477704459108179,0.08801389693109438
138,2014-08-24,6902,640,5195,436,1707,204,3435,192,3383,445,0.0927267458707621,0.05589519650655022,0.13154005320721254,0.08392685274302214,0.1195079086115993
139,2014-08-31,6373,686,4632,428,1741,258,3328,212,2948,470,0.10764161305507611,0.06370192307692307,0.15943012211668928,0.0924006908462867,0.1481906950028719
140,2014-09-07,9028,1200,6468,813,2560,387,4395,379,4511,813,0.1329198050509526,0.08623435722411832,0.1802261139436932,0.12569573283858998,0.151171875
141,2014-09-14,9941,1102,7211,722,2730,380,4394,457,5421,637,0.11085403882909164,0.10400546199362767,0.11750599520383694,0.10012480931909583,0.1391941391941392
142,2014-09-21,8225,930,5887,636,2338,294,4269,317,3834,600,0.11306990881458967,0.07425626610447411,0.1564945226917058,0.1080346526244267,0.12574850299401197
143,2014-09-28,8106,995,5742,668,2364,327,4165,362,3836,629,0.1227485812978041,0.08691476590636255,0.16397288842544316,0.1163357715081853,0.1383248730964467
144,2014-10-05,9027,1124,6109,648,2918,476,4803,441,4100,674,0.12451534286030796,0.09181761399125546,0.16439024390243903,0.10607300703879521,0.16312542837559973
145,2014-10-12,8536,1026,5749,604,2787,422,4264,381,4091,599,0.12019681349578257,0.08935272045028142,0.1464189684673674,0.10506174986954253,0.1514172945819878
146,2014-10-19,8972,907,6206,515,2766,392,4583,319,4258,576,0.10109228711547036,0.06960506218634083,0.13527477689055895,0.08298420883016436,0.14172089660159073
147,2014-10-26,9821,887,6836,540,2985,347,5192,330,4487,547,0.09031666836371041,0.0635593220338983,0.12190773345219523,0.07899356348741954,0.11624790619765495
148,2014-11-02,9799,669,6783,366,3016,303,5093,216,4499,443,0.0682722726808858,0.042411152562340466,0.09846632585018893,0.05395842547545334,0.10046419098143236
149,2014-11-09,6378,862,4525,596,1853,266,2868,241,3423,616,0.13515208529319536,0.08403068340306834,0.17995910020449898,0.13171270718232045,0.14355099838100377
150,2014-11-16,7568,1567,5163,1085,2405,482,3592,448,3877,1105,0.20705602536997886,0.12472160356347439,0.28501418622646374,0.21014913809800503,0.20041580041580043
151,2014-11-23,3670,421,2547,305,1123,116,1956,141,1634,274,0.11471389645776567,0.07208588957055215,0.16768665850673195,0.11974872398900667,0.10329474621549421
152,2014-11-30,6363,810,4224,525,2139,285,3159,313,3066,490,0.1272984441301273,0.09908198797087686,0.1598173515981735,0.12428977272727272,0.1332398316970547
153,2014-12-07,6128,856,4321,631,1807,225,3015,335,2939,503,0.13968668407310705,0.1111111111111111,0.17114664851990474,0.1460310113399676,0.12451577199778639
154,2014-12-14,4976,573,3370,373,1606,200,2639,164,2220,397,0.11515273311897106,0.062144751799924215,0.17882882882882883,0.11068249258160237,0.12453300124533001
155,2014-12-21,2434,200,1623,123,811,77,1268,88,1087,110,0.08216926869350863,0.0694006309148265,0.10119595216191353,0.07578558225508318,0.09494451294697903
156,2014-12-28,2192,204,1607,157,585,47,1043,49,1021,144,0.09306569343065693,0.04697986577181208,0.14103819784524976,0.09769757311761046,0.08034188034188035
157,2015-01-04,7080,860,5186,709,1894,151,3171,325,3722,521,0.12146892655367232,0.10249132765689058,0.1399785061794734,0.13671423062090243,0.07972544878563886
158,2015-01-11,6889,1164,5100,966,1789,198,3245,472,3467,681,0.16896501669327915,0.14545454545454545,0.19642342082492067,0.18941176470588236,0.1106763555058692
159,2015-01-18,9771,1491,7262,1103,2507,388,4320,474,5178,999,0.1525944120356156,0.10972222222222222,0.1929316338354577,0.15188653263563756,0.15476665337056242
160,2015-01-25,7839,935,5545,634,2268,299,3360,324,4230,587,0.11927541778288046,0.09642857142857143,0.13877068557919622,0.11433724075743913,0.1318342151675485
161,2015-02-01,9097,1481,6558,1098,2482,383,4100,558,4730,913,0.1628009233813345,0.13609756097560977,0.1930232558139535,0.16742909423604757,0.15431103948428687
162,2015-02-08,8507,1118,6080,826,2378,289,3863,507,4321,585,0.1314211825555425,0.1312451462593839,0.13538532747049295,0.13585526315789473,0.12153069806560135
163,2015-02-15,5744,749,4173,550,1529,196,2388,209,3100,506,0.13039693593314763,0.08752093802345058,0.16322580645161291,0.13179966450994487,0.12818835840418574
164,2015-02-22,9329,1965,6664,1484,2624,477,4140,768,4917,1177,0.21063350841462108,0.1855072463768116,0.23937360178970918,0.22268907563025211,0.18178353658536586
165,2015-03-01,8420,1218,6082,915,2316,301,3764,421,4407,779,0.14465558194774347,0.11184909670563231,0.17676423871114136,0.1504439329168037,0.12996545768566495
166,2015-03-08,7753,815,5292,506,2436,308,3583,280,3946,515,0.10512059847800852,0.07814680435389339,0.13051191079574254,0.09561602418745276,0.12643678160919541
167,2015-03-15,8781,1177,6236,819,2488,356,3859,466,4630,676,0.13403940325703223,0.12075667271313811,0.14600431965442764,0.13133418858242463,0.14308681672025725
168,2015-03-22,8933,1261,6310,805,2598,454,4026,470,4615,751,0.14116198365610658,0.11674118231495281,0.1627302275189599,0.12757527733755944,0.1747498075442648
169,2015-03-29,6267,668,4575,517,1663,148,2913,204,3067,432,0.10659007499601085,0.07003089598352215,0.14085425497228563,0.11300546448087431,0.08899579073962718
170,2015-04-05,6877,575,4999,450,1829,124,2988,148,3721,412,0.08361204013377926,0.049531459170013385,0.11072292394517602,0.09001800360072014,0.06779661016949153
171,2015-04-12,9517,1124,6890,849,2607,274,4484,396,4851,716,0.11810444467794473,0.08831400535236396,0.14759843331271902,0.12322206095791001,0.10510164940544688
172,2015-04-19,8597,831,6233,590,2338,241,4412,386,4027,429,0.0966616261486565,0.08748866727107887,0.1065309163148746,0.09465746831381357,0.10307955517536356
173,2015-04-26,8654,809,6161,591,2472,218,4157,372,4354,426,0.0934827825283106,0.08948761125811884,0.09784106568672485,0.09592598604122707,0.08818770226537216
174,2015-05-03,8312,600,5602,324,2685,274,3894,276,4225,298,0.07218479307025986,0.07087827426810478,0.07053254437869823,0.057836486968939664,0.10204841713221602
175,2015-05-10,9127,989,6568,727,2545,262,3946,399,5002,568,0.10835981154815383,0.10111505321844906,0.1135545781687325,0.11068818514007309,0.10294695481335953
176,2015-05-17,8771,872,6049,548,2701,323,4226,393,4371,464,0.0994185383650667,0.09299574065309986,0.10615419812399908,0.09059348652669863,0.11958533876342095
177,2015-05-24,6421,717,4573,560,1815,156,2826,164,3441,541,0.11166484971188288,0.05803255484784147,0.15722173786689916,0.12245790509512355,0.0859504132231405
178,2015-05-31,8307,875,5890,646,2397,229,3795,325,4344,537,0.10533285181172505,0.08563899868247694,0.12361878453038674,0.10967741935483871,0.09553608677513559
179,2015-06-07,8631,1148,5904,784,2711,362,3881,463,4585,667,0.1330089213300892,0.11929914970368462,0.14547437295528898,0.13279132791327913,0.13353006270748802
180,2015-06-14,8871,1007,6229,706,2620,299,4121,411,4569,578,0.11351595085108782,0.09973307449648143,0.1265047056248632,0.11334082517257987,0.11412213740458016
181,2015-06-21,9832,1512,6922,1107,2899,405,4709,595,4919,892,0.15378356387306755,0.1263537906137184,0.18133767025818257,0.15992487720312049,0.13970334598137288
182,2015-06-28,7322,808,5308,636,2000,171,3593,326,3535,466,0.11035236274242011,0.09073197884775953,0.13182461103253182,0.11981914091936699,0.0855
183,2015-07-05,9536,1254,7006,984,2519,269,4736,627,4615,597,0.13150167785234898,0.13239020270270271,0.12936078006500543,0.14045104196403083,0.10678840809845176
184,2015-07-12,11204,1444,7918,1015,3274,429,5639,407,5348,1009,0.12888254194930382,0.07217591771590708,0.18866866118175019,0.12818893660015154,0.1310323762981063
185,2015-07-19,9445,1382,6721,951,2714,431,4338,449,4891,901,0.1463208046585495,0.10350391885661595,0.1842159067675322,0.14149680107126916,0.15880619012527636
186,2015-07-26,8851,1221,6049,831,2784,390,4193,439,4425,760,0.1379505140662072,0.1046983067016456,0.17175141242937852,0.13737807902132584,0.1400862068965517
187,2015-08-02,8473,1315,5525,823,2932,491,4383,439,3794,808,0.15519886698926,0.10015970796258271,0.2129678439641539,0.14895927601809955,0.167462482946794
188,2015-08-09,6893,796,4612,553,2245,241,3325,241,3304,525,0.11547947192804295,0.0724812030075188,0.15889830508474576,0.11990459670424979,0.10734966592427617
189,2015-08-16,6944,797,4816,564,2109,233,3166,229,3548,534,0.11477534562211981,0.07233101705622236,0.15050732807215333,0.11710963455149502,0.11047889995258417
190,2015-08-23,7469,739,5406,512,2045,227,3295,241,3982,468,0.09894229481858348,0.07314112291350532,0.11752887995981919,0.09470958194598594,0.11100244498777506
191,2015-08-30,6738,771,4686,540,2046,229,2886,195,3644,547,0.11442564559216385,0.06756756756756757,0.15010976948408342,0.11523687580025609,0.11192570869990225
192,2015-09-06,8326,1538,5736,1055,2582,483,3479,391,4575,1114,0.18472255584914726,0.1123886174187985,0.24349726775956285,0.1839260808926081,0.18706429124709528
193,2015-09-13,10431,1668,6929,1125,3491,543,4839,710,5279,884,0.15990796663790624,0.14672452986154164,0.16745595756772116,0.16236109106653196,0.15554282440561443
194,2015-09-20,9069,1028,6138,645,2921,383,4425,478,4356,512,0.11335318116661153,0.1080225988700565,0.11753902662993572,0.1050830889540567,0.1311194796302636
195,2015-09-27,9678,1456,6620,1026,3045,429,4682,707,4712,706,0.15044430667493283,0.15100384451089277,0.149830220713073,0.15498489425981873,0.14088669950738916
196,2015-10-04,9228,1315,6361,885,2849,427,4232,593,4706,668,0.14250108365843087,0.14012287334593573,0.14194645133871653,0.13912906775664205,0.14987714987714987
197,2015-10-11,8274,961,5459,635,2810,326,3920,305,4116,604,0.1161469664007735,0.0778061224489796,0.1467444120505345,0.11632167063564755,0.11601423487544484
198,2015-10-18,10052,1796,6813,1268,3222,528,4293,615,5468,1135,0.1786709112614405,0.143256464011181,0.20757132406730067,0.18611478056656391,0.16387337057728119
199,2015-10-25,10048,1451,6755,934,3279,517,4901,481,4889,927,0.14440684713375795,0.09814323607427056,0.18960932706074862,0.1382679496669134,0.15767002134797195
200,2015-11-01,9117,1482,6028,846,3080,635,4222,490,4651,946,0.1625534715366897,0.11605873993368072,0.20339711889916148,0.14034505640345057,0.20616883116883117
201,2015-11-08,9506,968,6359,607,3140,361,4080,330,5198,619,0.10183042289080581,0.08088235294117647,0.11908426317814544,0.09545526026104734,0.11496815286624204
202,2015-11-15,10232,1446,6992,974,3218,472,4444,507,5492,881,0.1413213448006255,0.11408640864086408,0.16041514930808448,0.13930205949656752,0.14667495338719702
203,2015-11-22,5266,469,3591,311,1668,158,2363,143,2706,298,0.08906190657045196,0.060516292848074485,0.11012564671101256,0.08660540239487607,0.09472422062350119
204,2015-11-29,8925,1297,5939,771,2960,524,4053,414,4605,843,0.1453221288515406,0.10214655810510732,0.18306188925081432,0.1298198349890554,0.17702702702702702
205,2015-12-06,9698,1464,6446,960,3223,502,4425,549,4983,868,0.15095896061043515,0.12406779661016949,0.17419225366245233,0.14892956872479057,0.15575550729134346
206,2015-12-13,7993,1317,5322,875,2659,442,3403,369,4336,889,0.1647691730263981,0.10843373493975904,0.20502767527675278,0.1644118752348741,0.16622790522752914
207,2015-12-20,4258,510,2821,322,1419,188,1728,125,2327,338,0.11977454203851573,0.07233796296296297,0.1452513966480447,0.1141439205955335,0.1324876673713883
208,2015-12-27,3578,403,2330,262,1235,141,1415,87,1955,268,0.1126327557294578,0.06148409893992933,0.1370843989769821,0.11244635193133047,0.11417004048582996
209,2016-01-03,8428,1866,6075,1422,2328,443,3272,529,4834,1241,0.22140484100616992,0.16167481662591687,0.25672321059164255,0.23407407407407407,0.19029209621993126
210,2016-01-10,12546,2328,9138,1723,3399,604,5484,526,6765,1742,0.18555714968914394,0.09591539022611233,0.2575018477457502,0.18855329393740425,0.1776993233303913
211,2016-01-17,8938,1338,5863,832,3054,504,4090,399,4515,885,0.1496979189975386,0.09755501222493887,0.19601328903654486,0.1419068736141907,0.1650294695481336
212,2016-01-24,8458,1039,5393,591,3058,447,3875,329,4281,651,0.12284227949869946,0.08490322580645161,0.15206727400140155,0.10958650101984053,0.1461739699149771
213,2016-01-31,11094,1447,7453,1014,3635,432,5203,572,5532,798,0.13043086352983596,0.10993657505285412,0.1442516268980477,0.13605259626995841,0.1188445667125172
214,2016-02-07,11191,1798,7620,1247,3555,551,4804,487,6038,1250,0.16066481994459833,0.10137385512073273,0.20702219277906592,0.1636482939632546,0.1549929676511955
215,2016-02-14,8626,1141,5600,691,3009,450,3895,388,4378,687,0.13227451889635986,0.09961489088575096,0.15692096847875742,0.12339285714285714,0.14955134596211367
216,2016-02-21,11145,1800,7397,1105,3741,695,4754,655,6097,1072,0.16150740242261102,0.1377787126630206,0.17582417582417584,0.14938488576449913,0.18577920342154505
217,2016-02-28,11344,1483,7665,957,3665,525,5391,663,5611,761,0.13072990126939352,0.1229827490261547,0.1356264480484762,0.124853228962818,0.1432469304229195
218,2016-03-06,10366,1218,6786,701,3571,516,4850,433,5164,716,0.11749951765386842,0.08927835051546391,0.1386522075910147,0.10330091364574123,0.1444973396807617
219,2016-03-13,11849,1914,7936,1180,3903,734,5646,927,5872,916,0.16153261878639547,0.16418703506907545,0.15599455040871935,0.14868951612903225,0.18806046630796822
220,2016-03-20,9665,1240,6733,830,2923,410,4427,434,4890,731,0.12829798241076049,0.09803478653715834,0.14948875255623723,0.12327342937769196,0.14026684912760862
221,2016-03-27,8740,980,5923,609,2809,371,4267,460,4198,467,0.11212814645308924,0.10780407780642137,0.11124344926155312,0.10281951713658619,0.1320754716981132
222,2016-04-03,9152,1153,5856,639,3291,514,4188,496,4669,588,0.12598339160839161,0.11843361986628462,0.12593703148425786,0.1091188524590164,0.15618353084168946
223,2016-04-10,11323,1207,7920,720,3395,487,5703,525,5301,613,0.10659719155700786,0.0920568122041031,0.11563855876249764,0.09090909090909091,0.1434462444771723
224,2016-04-17,11479,1354,8062,917,3406,437,5568,539,5566,770,0.11795452565554491,0.09680316091954023,0.1383399209486166,0.1137434879682461,0.12830299471520845
225,2016-04-24,11044,1224,7717,784,3309,440,5248,548,5526,631,0.11082940963419051,0.10442073170731707,0.11418747737965979,0.10159388363353634,0.13297068600785736
226,2016-05-01,9454,1075,6624,714,2823,361,4456,458,4734,570,0.11370848318172203,0.10278276481149012,0.12040557667934093,0.10778985507246377,0.12787814381863266
227,2016-05-08,10509,1303,7513,849,2985,454,4718,535,5479,726,0.12398896184223047,0.11339550657058076,0.1325059317393685,0.11300412618128577,0.15209380234505862
228,2016-05-15,10939,1643,7524,1109,3406,534,5297,899,5395,697,0.1501965444739007,0.16971870870303946,0.12919369786839666,0.14739500265816055,0.15678214914856137
229,2016-05-22,10558,1602,7395,1107,3155,495,4747,727,5558,827,0.15173328281871568,0.15314935748894037,0.14879453040662108,0.14969574036511157,0.15689381933438987
230,2016-05-29,8394,948,5752,611,2602,333,4118,366,3997,528,0.11293781272337383,0.08887809616318601,0.13209907430572929,0.10622392211404728,0.12797847809377402
231,2016-06-05,10792,1507,7333,1004,3456,503,5123,810,5467,661,0.13964047442550037,0.15811048213937146,0.12090726175233217,0.13691531433246965,0.14554398148148148
232,2016-06-12,12060,1541,8770,1179,3283,361,5998,779,5819,722,0.12777777777777777,0.12987662554184728,0.12407630177006358,0.13443557582668186,0.10996040207127628
233,2016-06-19,14869,2805,11074,2069,3781,736,8330,1586,6263,1158,0.18864752168942095,0.19039615846338537,0.1848954175315344,0.1868340256456565,0.19465749801639778
234,2016-06-26,10427,1674,7203,1057,3213,617,5208,744,4966,873,0.16054473961829865,0.14285714285714285,0.17579540877970198,0.1467444120505345,0.19203236850295674
235,2016-07-03,10882,1730,8257,1286,2622,444,5126,694,5505,987,0.15897812902040065,0.13538821693328132,0.179291553133515,0.15574663921521134,0.16933638443935928
236,2016-07-10,11792,1773,8361,1212,3427,559,5343,871,6226,869,0.1503561736770692,0.1630170316301703,0.13957597173144876,0.14495873699318262,0.16311642836299972
237,2016-07-17,9442,1433,6577,961,2863,472,4653,832,4558,533,0.15176869307350138,0.178809370298732,0.11693725318121984,0.14611525011403376,0.164862032832693
238,2016-07-24,9938,1270,6866,835,3064,435,5481,658,4167,558,0.12779231233648622,0.12005108556832694,0.13390928725701945,0.12161374890766094,0.14197127937336815
239,2016-07-31,9220,1319,6251,872,2961,447,4465,579,4550,704,0.143058568329718,0.12967525195968646,0.15472527472527473,0.13949768037114063,0.15096251266464034
240,2016-08-07,8637,1247,5849,796,2786,451,4023,616,4383,576,0.1443788352437189,0.15311956251553566,0.13141683778234087,0.13609163959651221,0.1618808327351041
241,2016-08-14,8674,1216,5812,774,2862,442,3889,475,4582,707,0.14018907078625778,0.12213936744664439,0.1542994325621999,0.13317274604267035,0.15443745632424877
242,2016-08-21,9126,1082,6236,698,2881,384,4408,477,4495,570,0.1185623493315801,0.10821234119782214,0.12680756395995552,0.11193072482360487,0.13328705310656022
243,2016-08-28,8855,1240,5820,762,3024,478,4074,550,4575,649,0.14003387916431395,0.13500245459008345,0.14185792349726775,0.1309278350515464,0.15806878306878308
244,2016-09-04,9515,1883,6495,1194,3017,689,4499,936,4830,911,0.1978980557015239,0.20804623249611023,0.1886128364389234,0.18383371824480368,0.2283725555187272
245,2016-09-11,13301,1964,9277,1320,4008,642,6859,1112,6199,808,0.14765807082174273,0.1621227584195947,0.13034360380706567,0.14228737738493047,0.1601796407185629
246,2016-09-18,11903,1705,8143,1113,3745,588,5673,861,6011,798,0.14324119969755525,0.15177154944473822,0.1327566128763933,0.13668181259977896,0.15700934579439252
247,2016-09-25,12053,2503,8236,1676,3813,826,6180,1415,5606,1020,0.20766614120965735,0.22896440129449838,0.18194791295041027,0.20349684312773192,0.2166273275635982
248,2016-10-02,11679,2171,7887,1386,3787,785,6005,1218,5374,866,0.18588920284270913,0.20283097418817653,0.1611462597692594,0.17573221757322174,0.2072880908370742
249,2016-10-09,11143,2001,7386,1269,3751,730,5715,1032,5173,912,0.1795746208381944,0.1805774278215223,0.17630001933114248,0.1718115353371243,0.19461476939482805
250,2016-10-16,12028,2282,8271,1530,3755,752,5918,944,5766,1262,0.1897239773860991,0.15951334910442716,0.21886923343739162,0.18498367791077258,0.20026631158455394
251,2016-10-23,12052,2180,8297,1426,3737,753,5666,686,6112,1443,0.18088284102223698,0.12107306741969644,0.23609293193717276,0.17186935036760276,0.20149852823120148
252,2016-10-30,12646,1808,8907,1187,3732,621,6198,564,6125,1166,0.14297010912541516,0.0909970958373669,0.19036734693877552,0.1332659705849332,0.16639871382636656
253,2016-11-06,11836,1119,8664,874,3157,244,5588,400,5947,672,0.0945420750253464,0.07158196134574088,0.11299815032789642,0.10087719298245613,0.07728856509344315
254,2016-11-13,8240,1573,6001,1184,2223,389,3894,915,4091,594,0.19089805825242717,0.2349768875192604,0.14519677340503545,0.1973004499250125,0.17498875393612237
255,2016-11-20,5583,900,4002,673,1574,227,2462,326,2925,520,0.16120365394948952,0.132412672623883,0.17777777777777778,0.16816591704147926,0.14421855146124524
256,2016-11-27,8500,1262,6236,900,2257,362,3815,648,4445,546,0.1484705882352941,0.16985583224115333,0.12283464566929134,0.14432328415651058,0.16038989809481613
257,2016-12-04,9557,1474,6598,1004,2954,470,4858,927,4435,466,0.15423249973841163,0.19081926718814327,0.10507328072153325,0.15216732343134284,0.15910629654705485
258,2016-12-11,7320,1231,5128,853,2188,378,3777,712,3288,448,0.16816939890710383,0.1885093989939105,0.1362530413625304,0.16634165366614664,0.17276051188299818
259,2016-12-18,5550,1029,3898,700,1645,327,2578,460,2735,513,0.1854054054054054,0.17843289371605897,0.18756855575868372,0.17957927142124167,0.19878419452887539
260,2016-12-25,3421,654,2427,471,990,183,1439,227,1827,376,0.19117217187956737,0.15774843641417652,0.20580186097427478,0.19406674907292953,0.18484848484848485
261,2017-01-01,9273,2202,7182,1723,2086,478,4534,1429,4408,683,0.2374636040116467,0.3151742390824879,0.15494555353901995,0.23990531885268726,0.22914669223394055
262,2017-01-08,12105,2964,8895,2185,3207,779,6567,2079,5040,771,0.24485749690210656,0.3165829145728643,0.1529761904761905,0.24564362001124226,0.24290614281259745
263,2017-01-15,11075,2076,8048,1466,3005,610,5976,1444,4645,546,0.1874492099322799,0.24163319946452477,0.11754574811625404,0.18215705765407555,0.20299500831946754
264,2017-01-22,12264,3435,9297,2587,2954,848,6647,2534,5147,767,0.2800880626223092,0.3812246126071912,0.14901884592966777,0.27826180488329566,0.2870683818551117
265,2017-01-29,14086,4595,10669,3355,3407,1240,8133,3348,5146,1062,0.3262104216953003,0.4116562154186647,0.20637388262728332,0.3144624613365826,0.3639565600234811
266,2017-02-05,12155,3439,8769,2403,3357,1035,6959,2562,4735,753,0.28292883587001233,0.3681563443023423,0.1590285110876452,0.27403352719808416,0.30831099195710454
267,2017-02-12,12748,3496,9616,2585,3118,910,7376,2650,4922,718,0.2742390963288359,0.35927331887201736,0.14587566030069077,0.26882279534109815,0.2918537524053881
268,2017-02-19,9489,1853,7402,1486,2077,367,5281,1298,3816,457,0.1952787438086205,0.24578678280628669,0.11975890985324948,0.20075655228316672,0.17669715936446798
269,2017-02-26,15081,3839,11707,3135,3356,703,8417,2931,6289,820,0.25455871626549964,0.34822383271949625,0.1303863889330577,0.26778850260527887,0.2094755661501788
270,2017-03-05,14026,4172,10870,3194,3145,977,8354,3401,5289,679,0.29744759731926423,0.40711036629159686,0.12837965588958214,0.293836246550138,0.3106518282988871
271,2017-03-12,12569,4150,9424,3110,3142,1040,7626,3433,4563,628,0.3301774206380778,0.45017046944663,0.1376287530133684,0.33000848896434637,0.3309993634627626
272,2017-03-19,14900,5320,11290,4200,3605,1120,9307,4341,5213,859,0.35704697986577183,0.46642312238100353,0.16478035680030692,0.3720106288751107,0.3106796116504854
273,2017-03-26,12414,3285,9183,2405,3213,879,7143,2452,4872,755,0.26462058965683904,0.34327313453730923,0.1549671592775041,0.2618969835565719,0.2735760971055089
274,2017-04-02,12928,2877,9337,1971,3586,906,7053,2005,5419,780,0.22254022277227722,0.2842761945271516,0.14393799594021037,0.2110956409981793,0.25264919129949803
275,2017-04-09,9194,1690,7121,1336,2064,353,5135,1267,3693,353,0.18381553186860997,0.24673807205452775,0.09558624424587056,0.18761409914337873,0.17102713178294573
276,2017-04-16,10486,1612,7879,1259,2543,343,5838,1211,4278,333,0.15372878123211903,0.20743405275779375,0.07784011220196353,0.15979185175783728,0.1348800629178136
277,2017-04-23,13252,3407,9700,2634,3531,771,7723,2800,5140,543,0.2570932689405373,0.3625534118865726,0.1056420233463035,0.27154639175257733,0.2183517417162277
278,2017-04-30,14775,4307,11044,3311,3724,996,8942,3469,5264,700,0.29150592216582066,0.38794453142473717,0.13297872340425532,0.299800796812749,0.26745435016111707
279,2017-05-07,11023,2920,7915,2055,3094,864,6902,2334,3671,486,0.26490066225165565,0.3381628513474355,0.13238899482429856,0.25963360707517374,0.2792501616031028
280,2017-05-14,13295,3234,9922,2466,3369,768,7768,2617,5145,535,0.2432493418578413,0.33689495365602473,0.10398445092322643,0.2485386010884902,0.22796081923419412
281,2017-05-21,12848,4060,9643,3075,3193,985,7662,3310,4783,636,0.3160024906600249,0.4320020882276168,0.1329709387413757,0.3188841646790418,0.3084873160037582
282,2017-05-28,9603,2360,7220,1790,2379,570,5659,1794,3610,481,0.24575653441632822,0.3170171408376038,0.1332409972299169,0.24792243767313019,0.23959646910466584
283,2017-06-04,11968,3196,9101,2499,2849,696,6843,2423,4740,678,0.26704545454545453,0.3540844658775391,0.14303797468354432,0.27458521041643774,0.2442962442962443
284,2017-06-11,12978,2513,9672,1756,3289,757,7219,1900,5342,539,0.19363538295577132,0.26319434824767973,0.10089853987270685,0.1815550041356493,0.23016114320462147
285,2017-06-18,13955,3620,10103,2299,3829,1317,8275,2921,5213,585,0.25940523109996416,0.35299093655589125,0.11221945137157108,0.22755617143422746,0.3439540349960825
286,2017-06-25,13632,4153,10324,3057,3292,1093,8261,3269,4942,776,0.3046508215962441,0.39571480450308677,0.15702144880615135,0.2961061604029446,0.33201701093560143
287,2017-07-02,8237,1738,6070,1323,2142,414,4809,1344,3070,329,0.21099915017603496,0.2794759825327511,0.10716612377850163,0.21795716639209226,0.19327731092436976
288,2017-07-09,14035,3719,10727,2797,3293,922,8392,2940,5175,668,0.2649804061275383,0.3503336510962822,0.12908212560386473,0.26074391721823437,0.2799878530215609
289,2017-07-16,13620,3634,10389,2751,3219,882,8078,2909,5089,643,0.26681350954478705,0.3601138895766279,0.12635095303595992,0.26479930695928383,0.2739981360671016
290,2017-07-23,15152,4579,11131,3139,4018,1439,9492,3674,5178,761,0.30220432946145726,0.38706278971765695,0.1469679412900734,0.2820052106728955,0.3581383773021404
291,2017-07-30,10125,1768,7217,1278,2902,490,5584,1215,4169,485,0.1746172839506173,0.21758595988538681,0.11633485248260973,0.17708188998198698,0.16884906960716747
292,2017-08-06,9496,1820,7182,1425,2299,395,5315,1258,3723,470,0.19165964616680708,0.23668861712135467,0.126242277733011,0.1984126984126984,0.17181383210091344
293,2017-08-13,11357,2964,9050,2442,2298,521,6996,2281,3871,563,0.2609844148983006,0.32604345340194396,0.1454404546628778,0.2698342541436464,0.2267188859878155
294,2017-08-20,11280,2333,8667,1919,2595,412,6069,1728,4735,518,0.20682624113475176,0.2847256549678695,0.10939809926082365,0.2214145609784239,0.15876685934489404
295,2017-08-27,10951,1629,8428,1301,2509,328,5339,1156,5003,407,0.14875353848963566,0.21651994755572204,0.08135118928642815,0.15436639772187946,0.13072937425269032
296,2017-09-03,13080,2435,10000,1819,3067,616,7203,1777,5291,548,0.18616207951070338,0.24670276273774816,0.10357210357210357,0.1819,0.20084773394196284
297,2017-09-10,14350,1793,10580,1259,3724,532,7501,1190,6121,538,0.12494773519163763,0.1586455139314758,0.08789413494527037,0.11899810964083175,0.14285714285714285
298,2017-09-17,13498,3694,9599,2380,3866,1312,7748,2919,4980,554,0.27367017335901617,0.3767423851316469,0.11124497991967872,0.24794249400979268,0.33936885669943095
299,2017-09-24,15455,3484,11345,2431,4093,1052,9027,2640,5716,677,0.22542866386282756,0.2924559654370223,0.11843946815955213,0.2142794182459233,0.25702418763742974
300,2017-10-01,13900,2745,10431,2061,3458,682,8127,2097,5085,514,0.1974820143884892,0.25802879291251385,0.10108161258603736,0.19758412424503882,0.19722382880277617
301,2017-10-08,12919,3182,10268,2464,2635,717,8003,2409,4327,628,0.24630389349020823,0.30101212045482945,0.1451351975964872,0.23996883521620568,0.27210626185958253
302,2017-10-15,11831,2401,8732,1530,3088,870,7141,1721,4003,526,0.20294142506973206,0.24100266069177986,0.131401448913315,0.17521759047182775,0.2817357512953368
303,2017-10-22,13549,3110,9954,2278,3568,830,7893,2376,4929,568,0.22953723522031147,0.3010262257696693,0.11523635625887604,0.2288527225236086,0.23262331838565023
304,2017-10-29,14181,3678,10699,2751,3468,925,7991,2667,5437,803,0.2593611169875185,0.33375046927793767,0.1476917417693581,0.2571268342835779,0.26672433679354096
305,2017-11-05,14888,3307,11479,2602,3401,705,8553,2551,5502,594,0.22212520150456744,0.29825792119724076,0.1079607415485278,0.2266747974562244,0.2072919729491326
306,2017-11-12,13895,4500,10653,3400,3231,1100,7871,3567,5241,664,0.3238575026988125,0.45318256892389785,0.12669337912612097,0.31915892236928567,0.3404518724852987
307,2017-11-19,7398,1503,5629,1088,1753,413,4156,1108,2746,276,0.20316301703163017,0.2666025024061598,0.10050983248361253,0.19328477527091845,0.23559612093553908
308,2017-11-26,13431,4975,9556,3298,3871,1677,7970,3887,4657,754,0.3704117340480977,0.4877038895859473,0.16190680695726864,0.34512348262871495,0.4332213898217515
309,2017-12-03,13480,3836,10434,2945,3030,891,7844,2854,4892,781,0.28456973293768545,0.3638449770525242,0.15964840556009813,0.2822503354418248,0.29405940594059404
310,2017-12-10,14853,3953,11451,3022,3377,928,9250,3028,4743,697,0.26614152023160303,0.32735135135135135,0.14695340501792115,0.2639070823508864,0.2748001184483269
311,2017-12-17,13453,4663,10373,3564,3057,1098,7046,3470,5635,894,0.34661413811045866,0.49247800170309397,0.15865128660159716,0.34358430540827145,0.3591756624141315
312,2017-12-24,4838,903,3971,769,853,134,2226,459,2143,351,0.18664737494832576,0.20619946091644206,0.16378908072795148,0.19365399143792494,0.1570926143024619
313,2017-12-31,8985,2128,7024,1692,1957,436,4649,1384,3665,601,0.23683917640511964,0.29769842976984295,0.1639836289222374,0.24088838268792712,0.2227899846704139
314,2018-01-07,14587,3578,10955,2744,3598,834,8170,2527,5583,852,0.24528689929389183,0.30930232558139537,0.15260612573885007,0.2504792332268371,0.23179544191217344
315,2018-01-14,16383,5788,12779,4566,3583,1222,8440,3484,6893,2078,0.35329304767136666,0.4127962085308057,0.30146525460612217,0.35730495343923624,0.3410549818587776
316,2018-01-21,13107,3976,10091,3095,3008,879,6430,2298,5615,1494,0.30334935530632484,0.35738724727838256,0.26607301869991096,0.30670894856803094,0.2922207446808511
317,2018-01-28,17741,5175,14050,4035,3686,1140,8921,3576,7586,1230,0.29169719857956145,0.40085192243022083,0.16214078565779066,0.28718861209964414,0.30927835051546393
318,2018-02-04,13941,3411,10752,2644,3186,767,7510,2303,5386,908,0.2446739832149774,0.3066577896138482,0.16858522094318604,0.24590773809523808,0.24074074074074073
319,2018-02-11,14624,4257,11534,3395,3079,861,8818,3384,4766,652,0.29109682713347923,0.3837604899070084,0.13680234997901805,0.29434714756372465,0.27963624553426436
320,2018-02-18,11354,2087,9190,1647,2163,440,6400,1531,3738,351,0.18381187246785274,0.23921875,0.09390048154093097,0.1792165397170838,0.2034211742949607
321,2018-02-25,14122,2783,10912,2113,3198,669,7902,1973,5024,589,0.1970684039087948,0.24968362439888636,0.11723726114649681,0.1936400293255132,0.20919324577861162
322,2018-03-04,14920,2759,11324,1999,3590,760,7628,1843,5694,688,0.1849195710455764,0.2416098584163608,0.12082894274675096,0.17652772871776756,0.2116991643454039
323,2018-03-11,15196,3009,11438,2283,3747,726,8541,2158,5485,630,0.1980126349039221,0.2526636225266362,0.11485870556061988,0.19959783178877427,0.19375500400320256
324,2018-03-18,16103,3197,12022,2377,4073,820,8976,2193,5748,796,0.19853443457740794,0.24431818181818182,0.13848295059151008,0.19772084511728497,0.20132580407561992
325,2018-03-25,11483,2164,9158,1742,2322,422,5972,1428,4164,519,0.18845249499259775,0.2391158740790355,0.12463976945244956,0.19021620441144355,0.181739879414298
326,2018-04-01,11644,2152,9162,1721,2470,431,6456,1504,3985,449,0.18481621435932669,0.23296158612143741,0.11267252195734002,0.18784108273302771,0.17449392712550607
327,2018-04-08,15254,3509,11759,2640,3489,869,8248,2433,5614,774,0.2300380228136882,0.29498060135790494,0.13786961168507303,0.2245088868101029,0.24906850100315275
328,2018-04-15,15382,3350,11801,2556,3566,794,8020,2336,5954,709,0.217787023794045,0.2912718204488778,0.1190796103459859,0.2165918142530294,0.2226584408300617
329,2018-04-22,14657,3079,11227,2325,3411,754,8102,2223,5206,606,0.21007027358941122,0.2743766971118242,0.11640414905877833,0.20709005077046405,0.22104954558780415
330,2018-04-29,12665,2197,9865,1712,2791,485,6559,1457,4631,484,0.17347019344650613,0.2221375209635615,0.10451306413301663,0.17354282818043587,0.17377284127552847
331,2018-05-06,14670,3383,11115,2489,3543,893,7710,2233,5389,866,0.23060668029993184,0.28962386511024646,0.16069771757283355,0.22393162393162394,0.25204628845611066
332,2018-05-13,15690,3384,12054,2582,3622,802,8360,2413,5516,636,0.21567877629063098,0.28863636363636364,0.11530094271211022,0.21420275427244068,0.2214246272777471
333,2018-05-20,14341,3245,10934,2416,3400,829,7480,2281,5180,670,0.22627431838783907,0.3049465240641711,0.12934362934362933,0.2209621364550942,0.24382352941176472
334,2018-05-27,12275,2046,9640,1567,2616,478,6078,1400,4170,396,0.16668024439918533,0.2303389272787101,0.09496402877697842,0.16255186721991702,0.1827217125382263
335,2018-06-03,16374,3604,12709,2673,3635,929,8553,2648,5473,697,0.2201050445828753,0.309598971121244,0.1273524575187283,0.21032339287119364,0.2555708390646492
336,2018-06-10,16785,4032,12931,2957,3835,1074,8603,2874,6074,723,0.24021447721179626,0.3340695106358247,0.1190319394138953,0.2286752764674039,0.2800521512385919
337,2018-06-17,17763,5533,13866,4303,3885,1230,10125,4133,5419,830,0.31149017620897373,0.4081975308641975,0.15316479055176233,0.31032741958748017,0.3166023166023166
338,2018-06-24,16572,4516,12908,3480,3639,1035,8989,3212,5247,868,0.2725078445570842,0.35732562020246966,0.16542786354107109,0.2696002479082739,0.28441879637262985
339,2018-07-01,10288,2168,8181,1686,2082,480,5347,1504,3483,392,0.21073094867807154,0.2812792219936413,0.1125466551823141,0.2060872753942061,0.23054755043227665
340,2018-07-08,14920,4631,11197,3356,3699,1275,7780,3240,5389,955,0.3103887399463807,0.41645244215938304,0.1772128409723511,0.29972314012681966,0.3446877534468775
341,2018-07-15,15612,5056,11950,3672,3642,1384,8551,3578,5064,982,0.32385344606712785,0.4184305929131096,0.19391785150078988,0.30728033472803346,0.3800109829763866
342,2018-07-22,15450,3909,11821,2877,3617,1031,8054,2732,5503,823,0.2530097087378641,0.33921033027067293,0.14955478829729238,0.24338042466796378,0.28504285319325406
343,2018-07-29,13802,3130,10539,2155,3250,975,7066,2193,4667,587,0.2267787277206202,0.3103594678743278,0.12577673023355473,0.20447860328304393,0.3
344,2018-08-05,12902,2443,10169,1827,2732,616,6868,1685,4161,493,0.18935048829638815,0.2453407105416424,0.11848113434270607,0.17966368374471434,0.22547584187408493
345,2018-08-12,12679,2539,9859,1872,2812,667,6521,1748,4337,531,0.20025238583484503,0.26805704646526607,0.1224348628083929,0.1898772694999493,0.2371977240398293
346,2018-08-19,13275,3718,10114,2804,3158,914,7227,2645,4164,634,0.280075329566855,0.36598865365988653,0.15225744476464936,0.2772394700415266,0.2894236858771374
347,2018-08-26,12739,2660,9793,1997,2937,663,6533,1807,4255,512,0.2088075987126148,0.2765957446808511,0.12032902467685076,0.20392116818135403,0.2257405515832482
348,2018-09-02,14312,3889,10403,2538,3907,1351,7342,2682,5005,776,0.27173001676914477,0.36529555979297196,0.15504495504495505,0.24396808612900125,0.34578960839518813
349,2018-09-09,16026,2918,12364,2081,3655,837,7863,1966,6195,614,0.18207912142768,0.2500317944804782,0.09911218724778047,0.16831122614040764,0.2290013679890561
350,2018-09-16,15366,3067,11545,2057,3815,1010,7560,2016,5741,699,0.1995965117792529,0.26666666666666666,0.1217557916739244,0.17817236899090516,0.26474442988204455
351,2018-09-23,16023,4120,12620,3090,3397,1030,8032,2480,5911,1216,0.25713037508581416,0.30876494023904383,0.20571815259685333,0.24484944532488115,0.30320871357079776
352,2018-09-30,16414,4205,12208,2896,4202,1309,7824,2596,6206,1149,0.25618374558303886,0.331799591002045,0.18514340960360942,0.23722149410222804,0.31151832460732987
353,2018-10-07,15410,3113,11567,2220,3831,893,7324,1707,5799,984,0.20201168072680079,0.23306936100491535,0.16968442834971548,0.1919253047462609,0.2330984077264422
354,2018-10-14,17067,4037,13466,3029,3575,1005,7818,2312,6248,1193,0.2365383488603738,0.2957278076234331,0.19094110115236876,0.22493687806327045,0.2811188811188811
355,2018-10-21,18093,3801,14047,2955,3984,844,8304,2139,6457,1087,0.21008124689106283,0.25758670520231214,0.1683444323989469,0.21036520253434898,0.21184738955823293
356,2018-10-28,19197,3573,15052,2842,4127,730,8865,1894,6832,1211,0.18612283169245195,0.21364918217710097,0.17725409836065573,0.18881211799096465,0.17688393506178823
357,2018-11-04,18161,2709,14476,2114,3657,591,8755,1567,5800,907,0.14916579483508619,0.17898343803540834,0.15637931034482758,0.14603481624758222,0.1616078753076292
358,2018-11-11,11398,2053,8847,1576,2521,476,5805,1237,4231,664,0.1801193191788033,0.21309216192937122,0.15693689435121722,0.1781394823103877,0.18881396271320905
359,2018-11-18,7547,1485,5938,1111,1578,372,3899,941,2622,400,0.19676692725586326,0.24134393434213902,0.15255530129672007,0.1871000336813742,0.23574144486692014
360,2018-11-25,11643,2665,8594,1860,3028,805,6414,1881,3927,557,0.22889289701966847,0.2932647333956969,0.14183855360325948,0.21643006748894578,0.26585204755614267
361,2018-12-02,9855,1929,7387,1367,2455,561,4994,1292,3643,442,0.19573820395738203,0.25871045254305164,0.12132857534998627,0.18505482604575607,0.2285132382892057
362,2018-12-09,11894,2975,8862,2231,3015,743,6547,2087,4024,619,0.25012611400706236,0.31877195662135327,0.15382703777335985,0.2517490408485669,0.24643449419568822
363,2018-12-16,11187,3761,8326,2844,2851,916,6056,2579,4018,876,0.3361937963707875,0.42585865257595773,0.21801891488302638,0.3415805909200096,0.3212907751666082
364,2018-12-23,5040,1530,4081,1204,933,326,2526,1026,1748,342,0.30357142857142855,0.40617577197149646,0.1956521739130435,0.2950257289879931,0.34941050375133975
365,2018-12-30,8905,2295,7278,1815,1606,480,4589,1447,2728,633,0.2577203818079731,0.3153192416648507,0.2320381231671554,0.24938169826875514,0.298879202988792
366,2019-01-06,14670,5593,11769,4408,2893,1185,7693,3673,4421,1088,0.3812542603953647,0.47744702976732095,0.24609816783533137,0.37454329169853,0.40960940200483925
367,2019-01-13,14514,5073,11581,3892,2915,1180,7494,3236,4216,1097,0.34952459694088467,0.43181211635975447,0.26019924098671726,0.3360676970900613,0.40480274442538594
368,2019-01-20,13714,4709,10948,3772,2743,935,6828,2729,4406,1317,0.34337173691118567,0.3996777973052138,0.2989105764866092,0.3445378151260504,0.3408676631425447
369,2019-01-27,13613,3389,10743,2655,2852,732,6642,1879,4619,1069,0.2489532064937927,0.28289671785606746,0.2314353756224291,0.2471376710416085,0.25666199158485276
370,2019-02-03,17874,4277,14377,3398,3419,873,8722,2609,6315,1186,0.2392861139084704,0.299128640220133,0.1878068091844814,0.23634972525561662,0.2553378180754607
371,2019-02-10,15544,3944,12295,3147,3162,791,7639,2132,5136,1270,0.2537313432835821,0.27909412226731245,0.2472741433021807,0.2559577063847092,0.25015812776723595
372,2019-02-17,10496,2539,8350,2042,2102,496,4788,1366,3827,877,0.2419016768292683,0.285296574770259,0.22916122288999216,0.24455089820359283,0.23596574690770694
373,2019-02-24,15922,4335,12497,3379,3373,950,7892,2292,5430,1518,0.27226479085542016,0.2904206791687785,0.2795580110497238,0.2703848923741698,0.2816483842276905
374,2019-03-03,14866,3503,11549,2693,3248,804,7456,1804,4896,1249,0.2356383694336069,0.24195278969957082,0.2551062091503268,0.23318036193609837,0.24753694581280788
375,2019-03-10,14537,3462,11137,2526,3351,928,7666,2170,4580,840,0.2381509252252872,0.2830680928776415,0.18340611353711792,0.22681152913711053,0.27693225902715607
376,2019-03-17,11522,2154,8975,1608,2512,545,5728,1281,3706,602,0.1869467106405138,0.22363826815642457,0.16243928764166216,0.17916434540389972,0.21695859872611464
377,2019-03-24,15400,4279,11661,3117,3711,1161,7992,2448,5083,1303,0.27785714285714286,0.3063063063063063,0.25634467833956326,0.2673012606122974,0.3128536782538399
378,2019-03-31,14106,3272,11026,2459,3062,813,7498,1944,4392,917,0.23195803204310222,0.2592691384369165,0.2087887067395264,0.22301832033375657,0.26551273677335074
379,2019-04-07,13495,3332,10395,2526,3084,806,6958,1963,4177,916,0.24690626157836235,0.28212129922391493,0.21929614555901364,0.243001443001443,0.261348897535668
380,2019-04-14,11131,2583,8895,2083,2216,497,5664,1646,3530,627,0.23205462222621506,0.2906073446327684,0.17762039660056658,0.23417650365373804,0.22427797833935018
381,2019-04-21,11285,2025,8933,1585,2325,438,5643,1281,3615,497,0.179441736818786,0.22700691121743755,0.13748271092669434,0.17743199373110938,0.18838709677419355
382,2019-04-28,14919,3510,11545,2637,3353,872,7667,2080,4840,1022,0.23527046048662778,0.2712925524977175,0.21115702479338844,0.22841056734517107,0.2600656128839845
383,2019-05-05,14542,3537,11168,2666,3358,871,7672,2170,4501,903,0.24322651629762068,0.28284671532846717,0.2006220839813375,0.23871776504297995,0.25938058368076233
384,2019-05-12,14842,3438,11467,2600,3348,838,7628,1947,4836,981,0.23163994070879934,0.2552438384897745,0.20285359801488834,0.2267375948373594,0.25029868578255676
385,2019-05-19,13949,3482,10624,2658,3312,823,7513,2174,4268,847,0.24962362893397377,0.2893651004924797,0.19845360824742267,0.25018825301204817,0.2484903381642512
386,2019-05-26,10872,2390,8460,1853,2397,537,5442,1492,3570,578,0.2198307579102281,0.27416391032708565,0.1619047619047619,0.2190307328605201,0.22403003754693368
387,2019-06-02,14027,2764,10806,2013,3190,748,7678,1642,4162,701,0.19704854922649176,0.21385777546235998,0.1684286400768861,0.18628539700166574,0.23448275862068965
388,2019-06-09,14898,3339,11630,2499,3248,840,7947,1917,4732,1013,0.22412404349577125,0.24122310305775765,0.21407438715131022,0.21487532244196045,0.25862068965517243
389,2019-06-16,14761,3500,11429,2612,3300,888,7661,1995,4803,1048,0.23711130682203102,0.26040986816342515,0.2181969602331876,0.22854142969638638,0.2690909090909091
390,2019-06-23,16031,4371,12510,3318,3475,1048,8489,2403,4883,1303,0.2726592227559104,0.2830722110967134,0.2668441531845177,0.26522781774580334,0.30158273381294964
391,2019-06-30,10429,2395,8360,1896,2036,498,4889,1288,3558,731,0.22964809665356217,0.2634485579873185,0.20545250140528387,0.22679425837320574,0.24459724950884087
392,2019-07-07,14628,4048,11626,3093,2984,953,7565,2398,4539,1001,0.27672955974842767,0.31698612029081297,0.22053315708305793,0.2660416308274557,0.31936997319034854
393,2019-07-14,15656,4524,12599,3686,3031,838,8128,2511,4747,1284,0.2889626980071538,0.3089320866141732,0.2704866231303982,0.2925629018176046,0.2764764104256021
394,2019-07-21,15195,4310,12061,3436,3094,871,7592,2413,5050,1344,0.2836459361632116,0.3178345626975764,0.26613861386138615,0.28488516706740735,0.2815126050420168
395,2019-07-28,12639,3208,9564,2281,3038,925,6502,1897,4169,985,0.25381754885671337,0.29175638265149184,0.23626769009354762,0.23849853617733166,0.304476629361422
396,2019-08-04,11991,3045,9626,2479,2287,562,6587,1893,3395,696,0.2539404553415061,0.28738424168817367,0.20500736377025036,0.2575316850197382,0.24573677306515085
397,2019-08-11,11164,2899,9025,2337,2092,560,5372,1696,3770,811,0.2596739519885346,0.31571109456440805,0.21511936339522547,0.25894736842105265,0.2676864244741874
398,2019-08-18,11078,2773,8802,2179,2201,590,5022,1495,3584,781,0.2503159415056869,0.2976901632815611,0.21791294642857142,0.2475573733242445,0.2680599727396638
399,2019-08-25,11176,2397,8883,1835,2214,556,5110,1337,3929,712,0.21447745168217608,0.26164383561643834,0.18121659455332145,0.20657435551052572,0.25112917795844625
400,2019-09-01,11092,2373,8754,1878,2238,487,5315,1447,3705,550,0.21393797331410025,0.2722483537158984,0.1484480431848853,0.2145305003427005,0.21760500446827524
401,2019-09-08,14588,3279,11455,2503,3022,770,6922,1851,5063,975,0.22477378667397863,0.26740826350765673,0.1925735729804464,0.21850720209515495,0.25479814692256786
402,2019-09-15,14882,3790,11633,2924,3182,865,7297,2088,4919,1170,0.2546700712269856,0.2861449910922297,0.23785322219963406,0.25135390698873894,0.27184160905091137
403,2019-09-22,15343,5195,12084,4145,3174,1042,7856,2864,4966,1628,0.33859088835299483,0.3645621181262729,0.3278292388240032,0.34301555776233034,0.32829237555135476
404,2019-09-29,13273,3814,10614,3110,2578,699,6366,1972,4671,1418,0.2873502599261659,0.3097706566132579,0.30357525155213017,0.29300923308837384,0.27114041892940266
405,2019-10-06,13629,4062,10791,3195,2723,862,6844,2194,4408,1377,0.2980409421087387,0.32057276446522504,0.31238656987295826,0.29608006672226855,0.3165626147631289
406,2019-10-13,13698,3991,10770,3070,2846,916,6928,2164,4413,1341,0.29135640239451016,0.3123556581986143,0.3038749150237933,0.2850510677808728,0.3218552354181307
407,2019-10-20,14954,4678,11733,3712,3156,960,7064,2272,5363,1881,0.312825999732513,0.32163080407701017,0.3507365280626515,0.316372624222279,0.3041825095057034
408,2019-10-27,16398,4485,12990,3514,3344,971,7847,1925,5720,2016,0.2735089645078668,0.24531668153434433,0.35244755244755244,0.2705157813702848,0.29037081339712917
409,2019-11-03,13629,3762,10587,2904,2960,856,6497,1963,4646,1382,0.27602905569007263,0.3021394489764507,0.29746018080068876,0.2742986681779541,0.2891891891891892
410,2019-11-10,16507,5256,13414,4405,3033,848,7682,2385,6137,2300,0.31841037135760586,0.31046602447279353,0.3747759491608278,0.3283882510809602,0.2795911638641609
411,2019-11-17,16999,5713,13742,4840,3157,869,7996,2515,6398,2605,0.3360785928584034,0.3145322661330665,0.407158487027196,0.3522049192257313,0.27526132404181186
412,2019-11-24,8908,1987,7165,1666,1617,316,3871,864,3335,829,0.22305792546026043,0.22319814001549987,0.24857571214392804,0.2325191905094208,0.19542362399505256
